status,tag,description,history,date
"DOING","mapping","find mapping tools","D","2018-04-17@14:31"
"DOING","mapping","organinzing map tools","D","2018-04-17@14:32"
"BACKLOG","analyze","moloch","B","2018-04-17@14:33"
"HOLD","mapping","graphviz","H","2018-04-17@14:35"
"BACKLOG","virt smartcard","esxi","B","2018-04-17@14:35"
"BACKLOG","wiki kms","vimwiki","B","2018-04-17@14:36"
"BACKLOG","wiki kms","gollum","B","2018-04-17@14:37"
"HOLD","mapping","grassmarlin","H","2018-04-17@14:38"
"HOLD","mapping","argus","H","2018-04-17@15:17"
"HOLD","mapping","PcapViz","H","2018-04-17@15:17"
"HOLD","mapping","ivre","H","2018-04-17@15:32"
"HOLD","mapping","supercowpowers.workbench","H","2018-04-17@15:33"
"DOING","src files","lxc","D","2018-04-18@09:11"
"HOLD","mapping","scapy graphviz","H","2018-04-20@19:10"
"HOLD","mapping","python switch versions","H","2018-04-20@22:28"
"HOLD","mapping","gperftools","H","2018-04-21@10:58"
"HOLD","mapping","bro ids pcap","H","2018-04-21@11:44"
"HOLD","kms","vim ide read","H","2018-05-04@18:08"
"HOLD","VM","add vpn centos","H","2018-06-06@22:23"
"HOLD","mindset.training","mind set training","H","2018-06-09@00:07"
